Date,VLY,R2000,Rentabilidad_VLY,Rentabilidad_R2000
2015-01-01,5.57791805267334,1165.3900146484375,,
2015-02-01,5.897359848022461,1233.3699951171875,0.05568916944418673,0.05669444879618808
2015-03-01,5.799068450927734,1252.77001953125,-0.016807474631193094,0.015606858887021487
2015-04-01,5.8605732917785645,1220.1300048828125,0.010550137421386926,-0.026399700750721896
2015-05-01,6.078089714050293,1246.530029296875,0.03644302467618173,0.02140630013603299
2015-06-01,6.40747594833374,1253.949951171875,0.052774970733570646,0.005934815484765593
2015-07-01,6.232173919677734,1238.6800537109375,-0.027740209873887135,-0.012252190218431493
2015-08-01,5.943183898925781,1159.449951171875,-0.04748021600842676,-0.06610062721449833
2015-09-01,6.1819167137146,1100.68994140625,0.03938337154124204,-0.05200850999048984
2015-10-01,6.673585414886475,1161.8599853515625,0.07652888773008473,0.05408495399109255
2015-11-01,7.080356597900391,1198.1099853515625,0.05916701440829968,0.030723146315567943
2015-12-01,6.260459899902344,1135.8900146484375,-0.12307062452078564,-0.05332880543067697
2016-01-01,5.654871463775635,1035.3800048828125,-0.10173626920127454,-0.09264798371185325
2016-02-01,5.783391952514648,1033.9000244140625,0.022472973904606106,-0.0014304305846954807
2016-03-01,6.130395889282227,1114.030029296875,0.05826897657252639,0.0746460141985628
2016-04-01,6.150428771972656,1130.8499755859375,0.00326246828070009,0.014985443331922409
2016-05-01,6.19594144821167,1154.7900390625,0.007372674168299803,0.020949002332947428
2016-06-01,5.929378509521484,1151.9200439453125,-0.043975069524329925,-0.0024883895200060835
2016-07-01,5.966994762420654,1219.93994140625,0.006324007729919452,0.057371475610377864
2016-08-01,6.34856653213501,1239.9100341796875,0.06198563366795388,0.016237194726069073
2016-09-01,6.4011969566345215,1251.6500244140625,0.008255952902917462,0.009423876481663781
2016-10-01,6.561438083648682,1191.3900146484375,0.024724801646312838,-0.049341995399790325
2016-11-01,7.54632043838501,1322.3399658203125,0.13985028630937138,0.10428216361081656
2016-12-01,7.745955467224121,1357.1300048828125,0.026110746635553135,0.025969310823355272
2017-01-01,8.136825561523438,1361.8199462890625,0.04922929185147521,0.003449821542748135
2017-02-01,8.3115234375,1386.6800537109375,0.021242794081922003,0.018090438714186214
2017-03-01,7.928533554077148,1385.9200439453125,-0.04717482315508464,-0.0005482289243968323
2017-04-01,7.972496509552002,1400.4300537109375,0.005529587368581514,0.010415159920290037
2017-05-01,7.647087574005127,1370.2099609375,-0.041672816021112516,-0.021815386416551886
2017-06-01,8.00639533996582,1415.3599853515625,0.045915773741697086,0.032419921091938086
2017-07-01,8.127922058105469,1425.1400146484375,0.015064661670668947,0.006886159439254762
2017-08-01,7.655845642089844,1405.280029296875,-0.059835809226358866,-0.014033472753076483
2017-09-01,8.244229316711426,1490.8599853515625,0.07404398658043132,0.059116532800535276
2017-10-01,7.946331977844238,1502.530029296875,-0.03680304307624918,0.007797248613466787
2017-11-01,8.222723960876465,1544.1400146484375,0.034191100514845134,0.02731675710519808
2017-12-01,7.752856254577637,1535.510009765625,-0.05884021182940418,-0.0056045507795594455
2018-01-01,8.770088195800781,1574.97998046875,0.12328553842172901,0.025379981609296987
2018-02-01,8.700318336486816,1512.449951171875,-0.007987247475342444,-0.04051174114224981
2018-03-01,8.693343162536621,1529.4300537109375,-0.0008020363423184554,0.011164331848308812
2018-04-01,8.82960319519043,1541.8800048828125,0.015552496299494624,0.008107302178663725
2018-05-01,8.94217300415039,1633.6099853515625,0.012668549641950166,0.057789826624131055
2018-06-01,8.555217742919922,1643.0699462890625,-0.04423726584688372,0.005774129556880313
2018-07-01,8.26767635345459,1670.800048828125,-0.034187862568953245,0.016736172416226054
2018-08-01,8.551546096801758,1740.75,0.03375860006098328,0.041013471975237824
2018-09-01,7.9838104248046875,1696.5699462890625,-0.06869630229711217,-0.025707520687573905
2018-10-01,7.148774147033691,1511.4100341796875,-0.11047490029935243,-0.1155655215737511
2018-11-01,7.7504730224609375,1533.27001953125,0.08081298261921864,0.014359709785169235
2018-12-01,6.360832214355469,1348.56005859375,-0.197594656553439,-0.12836532242532533
2019-01-01,7.3239336013793945,1499.4200439453125,0.1409883407699034,0.10604099603583528
2019-02-01,7.6499223709106445,1575.550048828125,0.04354793931817689,0.0495260526847446
2019-03-01,6.93998908996582,1539.739990234375,-0.0973952977271346,-0.02299088399888306
2019-04-01,7.673843860626221,1591.2099609375,0.10051744260795947,0.032881143893322445
2019-05-01,7.190568447113037,1465.489990234375,-0.06504741567200602,-0.08230505768194442
2019-06-01,7.893513202667236,1566.5699462890625,0.09327107918573982,0.06669883085878303
2019-07-01,8.258615493774414,1574.6099853515625,0.04521564912984865,0.005119131533524349
2019-08-01,7.777604103088379,1494.8399658203125,-0.060008622857077226,-0.05198845842567025
2019-09-01,8.044010162353516,1523.3699951171875,0.03367940039448756,0.018905827926186943
2019-10-01,8.654577255249023,1562.449951171875,0.07316060818784574,0.02533008810047105
2019-11-01,8.654577255249023,1624.5,0.0,0.03894500526160995
2019-12-01,8.557417869567871,1668.469970703125,-0.011289849546746543,0.026706945139745364
2020-01-01,7.94597053527832,1614.06005859375,-0.07413354463098237,-0.03315424108669096
2020-02-01,7.017809867858887,1476.4300537109375,-0.1242137645406095,-0.0891257321373237
2020-03-01,5.516149520874023,1153.0999755859375,-0.24077111840379145,-0.2471731014203611
2020-04-01,6.4013776779174805,1310.6600341796875,0.14883316305354388,0.12807690658972246
2020-05-01,6.110406875610352,1394.0400390625,-0.04651986665536162,0.0616751811402117
2020-06-01,5.9878926277160645,1441.3699951171875,-0.020253827565820247,0.03338801245329068
2020-07-01,5.801181793212891,1480.4300537109375,-0.03167788090633097,0.026738575592854752
2020-08-01,5.83224630355835,1561.8800048828125,0.0053405726878522,0.05355760461024127
2020-09-01,5.319690704345703,1507.68994140625,-0.09198706355241948,-0.035311587710451633
2020-10-01,6.023974895477295,1538.47998046875,0.12433215968888615,0.020216264027037825
2020-11-01,7.20669412612915,1819.8199462890625,0.17926301075042345,0.16794266225904858
2020-12-01,7.6876678466796875,1974.8599853515625,0.06460713278683067,0.08175993676279993
2021-01-01,8.142610549926758,2073.639892578125,0.05749336836964406,0.048807962962547365
2021-02-01,9.769536018371582,2201.050048828125,0.1821581395055938,0.059629076107464735
2021-03-01,10.957833290100098,2220.52001953125,0.11478559498306125,0.008806870068511866
2021-04-01,11.070059776306152,2266.449951171875,0.010189577085939478,0.02047329768026414
2021-05-01,11.51222038269043,2268.969970703125,0.039164966585012576,0.0011112619488339802
2021-06-01,10.796725273132324,2310.550048828125,-0.06416624043760265,0.018159641449543927
2021-07-01,10.444375991821289,2226.25,-0.03317922176261419,-0.03716705694257479
2021-08-01,10.56591796875,2273.77001953125,0.01156988407463426,0.021120699821365913
2021-09-01,10.784690856933594,2204.3701171875,0.020494080248563834,-0.03099744849266182
2021-10-01,10.840971946716309,2297.18994140625,0.005205039712276854,0.04124480441584062
2021-11-01,10.988134384155273,2198.909912109375,0.013483343268313455,-0.04372486829571063
2021-12-01,11.241580963134766,2245.31005859375,0.022803491416172328,0.020881879319422612
2022-01-01,11.473641395568848,2028.449951171875,0.020432862379113712,-0.10157169185629333
2022-02-01,11.51485538482666,2048.090087890625,0.0035856223056073546,0.009635763903954143
2022-03-01,10.7318115234375,2070.1298828125,-0.07042560404308136,0.010703656191268916
2022-04-01,9.955644607543945,1864.0999755859375,-0.07507268274049975,-0.10483300083282843
2022-05-01,10.562292098999023,1864.0400390625,0.05915062199572654,-3.215357964410743e-05
2022-06-01,8.65093994140625,1707.989990234375,-0.19962233076787897,-0.0874289613857588
2022-07-01,9.815272331237793,1885.22998046875,0.12627159498958707,0.09873258418092602
2022-08-01,9.756499290466309,1844.1199951171875,-0.006005916947574882,-0.022047622720424057
2022-09-01,9.068001747131348,1664.719970703125,-0.07318173151346963,-0.1023452727674846
2022-10-01,10.0611572265625,1846.8599853515625,0.10393026520210748,0.10382996829668929
2022-11-01,10.730772972106934,1886.5799560546875,0.0644334019376012,0.021278750982078737
2022-12-01,9.586496353149414,1761.25,-0.11276011409394074,-0.06874185857172196
2023-01-01,10.165703773498535,1931.93994140625,0.05866420129547358,0.09250086484773742
2023-02-01,9.908994674682617,1896.989990234375,-0.025576782002145252,-0.01825623476875189
2023-03-01,7.90665864944458,1802.47998046875,-0.22573762617599324,-0.05110493073051045
2023-04-01,8.11465835571289,1768.989990234375,0.02596682825851505,-0.01875472684925927
2023-05-01,6.38445520401001,1749.6500244140625,-0.2398059382450726,-0.01099297484352965
2023-06-01,6.704542636871338,1888.72998046875,0.0489191406664261,0.07648885330746762
2023-07-01,8.991222381591797,2003.1800537109375,0.293463508338103,0.058831309467171716
2023-08-01,8.044776916503906,1899.6800537109375,-0.11122575989524314,-0.053050465452057514
2023-09-01,7.501448631286621,1785.0999755859375,-0.06992689787181265,-0.06221105681423135
2023-10-01,6.901142120361328,1662.280029296875,-0.08340923013369812,-0.07128425080596895
2023-11-01,8.072029113769531,1809.02001953125,0.15671796720959053,0.08459510139176503
2023-12-01,9.633213996887207,2027.0699462890625,0.17681202870201482,0.11380610118994916
2024-01-01,8.630058288574219,1947.3399658203125,-0.10996565925454455,-0.040127052945835184
2024-02-01,7.3472113609313965,2054.840087890625,-0.16093042469680047,0.05373370758404976
2024-03-01,7.140880107879639,2124.550048828125,-0.02848480139184865,0.033362009419245185
2024-04-01,6.376314163208008,1973.9100341796875,-0.113245820115768,-0.07354367364552336
2024-05-01,6.4854655265808105,2070.1298828125,0.01697338727574061,0.04759498604644973
2024-06-01,6.349025726318359,2047.68994140625,-0.02126222811700976,-0.010899050710889556
2024-07-01,7.765174388885498,2254.47998046875,0.20134754246548356,0.09620703911171996
2024-08-01,8.024014472961426,2217.6298828125,0.0327899396946395,-0.016480333812858135
2024-09-01,8.375297546386719,2229.969970703125,0.04284775063974194,0.005549114112055952
2024-10-01,8.873934745788574,2196.64990234375,0.0578316945071237,-0.015054691221741651
2024-11-01,9.970293045043945,2434.72998046875,0.11649167671030794,0.10290243130056063
2024-12-01,8.489741325378418,2230.159912109375,-0.16075144451844775,-0.08776256704065401
2025-01-01,9.737863540649414,2287.68994140625,0.13716321287884614,0.02546925684778804
2025-02-01,9.321069717407227,2163.070068359375,-0.04374434592761503,-0.05601400870514537
2025-03-01,8.421170234680176,2011.9100341796875,-0.10152859731887336,-0.07244400389441422
2025-04-01,8.252511024475098,1964.1199951171875,-0.020231280698628697,-0.02404023123925606
2025-05-01,8.425238609313965,2066.2900390625,0.020714276778155703,0.05071044223596932
2025-06-01,8.569177627563477,2175.0400390625,0.01693997114344829,0.051292325523520324
2025-07-01,9.00650691986084,2211.64990234375,0.049775538638592826,0.016691726001681832
2025-08-01,10.162680625915527,2366.419921875,0.12077494128409225,0.06763943244394521
2025-09-01,10.29870319366455,2436.47998046875,0.013295735297559156,0.02917613517456271
2025-10-01,10.669801712036133,2479.3798828125,0.035399497670411416,0.017454114901074187
2025-11-01,11.1115140914917,2500.429931640625,0.040564394776675006,0.008454208087962985
2025-12-01,11.464883804321289,2481.909912109375,0.03130690521290418,-0.007434300112106183
