Date,VLY,R2000,Rentabilidad_VLY,Rentabilidad_R2000,Mkt-RF,SMB,HML,RF,Market Premium,VLY Premium
2015-01-01,5.57791805267334,1165.3900146484375,,,-0.031,-0.0059,-0.0345,0.0,,
2015-02-01,5.8973588943481445,1233.3699951171875,0.0556890077320956,0.056694448796188,0.0613,0.0060999999999999995,-0.0179,0.0,0.056694448796188,0.0556890077320956
2015-03-01,5.799068450927734,1252.77001953125,-0.0168073129191018,0.0156068588870214,-0.0111,0.0305,-0.0038,0.0,0.0156068588870214,-0.0168073129191018
2015-04-01,5.86057186126709,1220.1300048828125,0.0105498933306508,-0.0263997007507218,0.0059,-0.029900000000000003,0.018000000000000002,0.0,-0.0263997007507218,0.0105498933306508
2015-05-01,6.078089714050293,1246.530029296875,0.0364432687669178,0.0214063001360329,0.0137,0.0095,-0.0111,0.0,0.0214063001360329,0.0364432687669178
2015-06-01,6.407474040985107,1253.949951171875,0.0527746730580222,0.0059348154847655,-0.0152,0.0294,-0.008199999999999999,0.0,0.0059348154847655,0.0527746730580222
2015-07-01,6.232174873352051,1238.6800537109375,-0.0277397591740079,-0.0122521902184314,0.015700000000000002,-0.0417,-0.0416,0.0,-0.0122521902184314,-0.0277397591740079
2015-08-01,5.943183898925781,1159.449951171875,-0.0474803690327575,-0.0661006272144983,-0.0602,0.0037,0.0275,0.0,-0.0661006272144983,-0.0474803690327575
2015-09-01,6.181917667388916,1100.68994140625,0.0393835258096164,-0.0520085099904898,-0.030600000000000002,-0.0263,0.0055000000000000005,0.0,-0.0520085099904898,0.0393835258096164
2015-10-01,6.673588275909424,1161.8599853515625,0.0765291621701416,0.0540849539910925,0.0775,-0.019,-0.004699999999999999,0.0,0.0540849539910925,0.0765291621701416
2015-11-01,7.080357551574707,1198.1099853515625,0.0591667203928371,0.0307231463155679,0.005699999999999999,0.0358,-0.0043,0.0,0.0307231463155679,0.0591667203928371
2015-12-01,6.260458946228027,1135.8900146484375,-0.1230709115467149,-0.0533288054306769,-0.0215,-0.027999999999999997,-0.025699999999999997,0.0001,-0.0534288054306769,-0.1231709115467149
2016-01-01,5.654872417449951,1035.3800048828125,-0.1017359482218221,-0.0926479837118532,-0.0574,-0.034,0.0208,0.0001,-0.09274798371185321,-0.1018359482218221
2016-02-01,5.783392429351807,1033.9000244140625,0.0224728877075038,-0.0014304305846954,-0.0006,0.0073,-0.0060999999999999995,0.0002,-0.0016304305846954002,0.0222728877075038
2016-03-01,6.130395889282227,1114.030029296875,0.0582688941231364,0.0746460141985628,0.0695,0.0075,0.012199999999999999,0.0002,0.0744460141985628,0.0580688941231364
2016-04-01,6.150430202484131,1130.8499755859375,0.0032627008679489,0.0149854433319224,0.0092,0.0077,0.0322,0.0001,0.014885443331922401,0.0031627008679489003
2016-05-01,6.195940017700195,1154.7900390625,0.0073722107022326,0.0209490023329474,0.0178,-0.0018,-0.016200000000000003,0.0001,0.0208490023329474,0.0072722107022326
2016-06-01,5.929378032684326,1151.9200439453125,-0.043974919064931,-0.002488389520006,-0.0003,0.006,-0.0149,0.0002,-0.0026883895200060003,-0.044174919064931
2016-07-01,5.966994762420654,1219.93994140625,0.0063240881493389,0.0573714756103778,0.0394,0.0245,-0.0124,0.0002,0.0571714756103778,0.0061240881493389
2016-08-01,6.348565578460693,1239.9100341796875,0.0619854834491001,0.016237194726069,0.0049,0.011699999999999999,0.0317,0.0002,0.016037194726069,0.0617854834491001
2016-09-01,6.401197910308838,1251.6500244140625,0.0082562521055086,0.0094238764816637,0.0027,0.0208,-0.011899999999999999,0.0002,0.0092238764816637,0.0080562521055086
2016-10-01,6.561437606811523,1191.3900146484375,0.0247245799899129,-0.0493419953997903,-0.020099999999999996,-0.043899999999999995,0.041100000000000005,0.0002,-0.049541995399790296,0.024524579989912903
2016-11-01,7.546321868896484,1322.3399658203125,0.1398505485461202,0.1042821636108165,0.048600000000000004,0.055999999999999994,0.08289999999999999,0.0001,0.1041821636108165,0.1397505485461202
2016-12-01,7.745959758758545,1357.1300048828125,0.026111111106828,0.0259693108233552,0.0181,0.0014000000000000002,0.0347,0.0003,0.025669310823355197,0.025811111106828
2017-01-01,8.13682746887207,1361.8199462890625,0.0492289722255155,0.0034498215427481,0.0194,-0.0116,-0.0276,0.0004,0.0030498215427481,0.0488289722255155
2017-02-01,8.31152057647705,1386.6800537109375,0.0212422154488095,0.0180904387141862,0.0355,-0.0215,-0.015,0.0004,0.0176904387141862,0.020842215448809497
2017-03-01,7.92853307723999,1385.9200439453125,-0.0471745390732864,-0.0005482289243968,0.0017000000000000001,0.0113,-0.0333,0.0003,-0.0008482289243967999,-0.0474745390732864
2017-04-01,7.972497940063477,1400.4300537109375,0.0055298269412841,0.01041515992029,0.0108,0.0066,-0.020499999999999997,0.0005,0.00991515992029,0.0050298269412841
2017-05-01,7.647089004516602,1370.2099609375,-0.0416728083857381,-0.0218153864165518,0.010700000000000001,-0.0252,-0.0382,0.0006,-0.0224153864165518,-0.0422728083857381
2017-06-01,8.006389617919922,1415.3599853515625,0.0459148719908712,0.032419921091938,0.0079,0.022099999999999998,0.015,0.0006,0.031819921091938,0.0453148719908712
2017-07-01,8.127921104431152,1425.1400146484375,0.0150652590222203,0.0068861594392547,0.018799999999999997,-0.014499999999999999,-0.0023,0.0007000000000000001,0.0061861594392546996,0.0143652590222203
2017-08-01,7.655843734741211,1405.280029296875,-0.0598359410295246,-0.0140334727530764,0.0018,-0.0167,-0.0213,0.0009,-0.0149334727530764,-0.0607359410295246
2017-09-01,8.24422836303711,1490.8599853515625,0.0740441200388995,0.0591165328005352,0.024900000000000002,0.044500000000000005,0.0315,0.0009,0.0582165328005352,0.0731441200388995
2017-10-01,7.946332454681396,1502.530029296875,-0.0368028673912402,0.0077972486134667,0.0226,-0.019299999999999998,0.0013,0.0009,0.0068972486134667,-0.0377028673912402
2017-11-01,8.222729682922363,1544.1400146484375,0.0341917363894384,0.027316757105198,0.031200000000000002,-0.006,-0.0009,0.0008,0.026516757105198,0.033391736389438396
2017-12-01,7.752858161926269,1535.510009765625,-0.0588406616923981,-0.0056045507795594,0.0106,-0.0132,0.0005,0.0009,-0.0065045507795594,-0.0597406616923981
2018-01-01,8.770085334777832,1574.97998046875,0.1232849661777693,0.0253799816092969,0.0558,-0.0316,-0.0132,0.0011,0.0242799816092969,0.12218496617776929
2018-02-01,8.7003173828125,1512.449951171875,-0.0079870308639161,-0.0405117411422498,-0.0364,0.0027,-0.011000000000000001,0.0011,-0.041611741142249796,-0.0090870308639161
2018-03-01,8.693342208862305,1529.4300537109375,-0.0008020364302678,0.0111643318483088,-0.0235,0.0405,-0.0021,0.0012,0.0099643318483088,-0.0020020364302678
2018-04-01,8.82960319519043,1541.8800048828125,0.0155526060011769,0.0081073021786637,0.0027,0.0109,0.0053,0.0014000000000000002,0.0067073021786637,0.0141526060011769
2018-05-01,8.942172050476074,1633.6099853515625,0.0126684429928878,0.057789826624131,0.026600000000000002,0.0524,-0.031400000000000004,0.0014000000000000002,0.056389826624131,0.0112684429928878
2018-06-01,8.555216789245605,1643.0699462890625,-0.0442372706706554,0.0057741295568803,0.0049,0.0111,-0.0233,0.0014000000000000002,0.0043741295568803,-0.0456372706706554
2018-07-01,8.267679214477539,1670.800048828125,-0.0341874050469593,0.016736172416226,0.032,-0.0223,0.0049,0.0016,0.015136172416225998,-0.0357874050469593
2018-08-01,8.551545143127441,1740.75,0.0337581424911279,0.0410134719752378,0.0345,0.011399999999999999,-0.0391,0.0016,0.039413471975237806,0.0321581424911279
2018-09-01,7.983808994293213,1696.5699462890625,-0.0686963699529658,-0.0257075206875739,0.0006,-0.0229,-0.016200000000000003,0.0015,-0.027207520687573903,-0.0701963699529658
2018-10-01,7.148772716522217,1511.4100341796875,-0.1104749212286657,-0.1155655215737511,-0.0765,-0.047,0.0338,0.0019,-0.1174655215737511,-0.1123749212286657
2018-11-01,7.750471115112305,1533.27001953125,0.0808129366305704,0.0143597097851692,0.0171,-0.0073,0.0036,0.0018,0.012559709785169201,0.07901293663057041
2018-12-01,6.360832214355469,1348.56005859375,-0.197594410458928,-0.1283653224253253,-0.0955,-0.0231,-0.0192,0.0019,-0.13026532242532532,-0.19949441045892802
2019-01-01,7.323933124542236,1499.4200439453125,0.1409882756631998,0.1060409960358352,0.0837,0.0276,-0.0039000000000000003,0.0021,0.10394099603583519,0.1388882756631998
2019-02-01,7.649925231933594,1575.550048828125,0.0435483784185334,0.0495260526847446,0.0342,0.020499999999999997,-0.026600000000000002,0.0018,0.0477260526847446,0.0417483784185334
2019-03-01,6.939988136291504,1539.739990234375,-0.0973958091380617,-0.022990883998883,0.011000000000000001,-0.030299999999999997,-0.0414,0.0019,-0.024890883998883,-0.0992958091380617
2019-04-01,7.673844814300537,1591.2099609375,0.1005177043011861,0.0328811438933224,0.0397,-0.0174,0.0213,0.0021,0.030781143893322396,0.0984177043011861
2019-05-01,7.1905694007873535,1465.489990234375,-0.0650474073194663,-0.0823050576819444,-0.0692,-0.0126,-0.0245,0.0021,-0.08440505768194441,-0.0671474073194663
2019-06-01,7.893515110015869,1566.5699462890625,0.0932711881921637,0.066698830858783,0.0699,0.0011,-0.0064,0.0018,0.06489883085878301,0.09147118819216371
2019-07-01,8.258614540100098,1574.6099853515625,0.0452152920186309,0.0051191315335243,0.0123,-0.0196,0.005,0.0019,0.0032191315335243003,0.0433152920186309
2019-08-01,7.777602195739746,1494.8399658203125,-0.0600087526168205,-0.0519884584256702,-0.0255,-0.0239,-0.04769999999999999,0.0016,-0.0535884584256702,-0.0616087526168205
2019-09-01,8.044010162353516,1523.3699951171875,0.0336796456305321,0.0189058279261869,0.0141,-0.0097,0.0676,0.0018,0.017105827926186902,0.0318796456305321
2019-10-01,8.654577255249023,1562.449951171875,0.0731606081878457,0.025330088100471,0.0207,0.0027,-0.0192,0.0015,0.023830088100471,0.0716606081878457
2019-11-01,8.654577255249023,1624.5,0.0,0.0389450052616099,0.0387,0.0072,-0.02,0.0012,0.0377450052616099,-0.0012
2019-12-01,8.557416915893555,1668.469970703125,-0.0112899609909209,0.0267069451397453,0.0277,0.0076,0.0173,0.0014000000000000002,0.025306945139745303,-0.012689960990920901
2020-01-01,7.945973396301269,1614.06005859375,-0.0741330731272758,-0.0331542410866909,-0.0011,-0.031,-0.0622,0.0013,-0.0344542410866909,-0.07543307312727579
2020-02-01,7.017809867858887,1476.4300537109375,-0.1242141246001417,-0.0891257321373237,-0.0815,0.0108,-0.0382,0.0012,-0.0903257321373237,-0.1254141246001417
2020-03-01,5.516149044036865,1153.0999755859375,-0.2407712048476373,-0.2471731014203611,-0.13369999999999999,-0.046900000000000004,-0.1383,0.0012,-0.24837310142036112,-0.24197120484763732
2020-04-01,6.4013776779174805,1310.6600341796875,0.1488332494973898,0.1280769065897224,0.136,0.025,-0.0134,0.0,0.1280769065897224,0.1488332494973898
2020-05-01,6.110406875610352,1394.0400390625,-0.0465198666553616,0.0616751811402117,0.0557,0.024,-0.05,0.0001,0.061575181140211696,-0.0466198666553616
2020-06-01,5.987892150878906,1441.3699951171875,-0.0202539071993753,0.0333880124532906,0.0245,0.026699999999999998,-0.0217,0.0001,0.0332880124532906,-0.0203539071993753
2020-07-01,5.801183700561523,1480.4300537109375,-0.03167747248661,0.0267385755928547,0.0583,-0.0235,-0.0144,0.0001,0.0266385755928547,-0.03177747248661
2020-08-01,5.832247257232666,1561.8800048828125,0.0053404074191696,0.0535576046102412,0.0762,-0.002,-0.0302,0.0001,0.0534576046102412,0.0052404074191696
2020-09-01,5.319692134857178,1507.68994140625,-0.0919869581611708,-0.0353115877104516,-0.0364,0.0006,-0.027200000000000002,0.0001,-0.0354115877104516,-0.09208695816117081
2020-10-01,6.023977279663086,1538.47998046875,0.1243322865628991,0.0202162640270378,-0.0208,0.0434,0.0425,0.0001,0.0201162640270378,0.1242322865628991
2020-11-01,7.206694602966309,1819.8199462890625,0.1792626811335423,0.1679426622590485,0.1245,0.0581,0.0209,0.0001,0.1678426622590485,0.1791626811335423
2020-12-01,7.687665462493896,1974.8599853515625,0.0646067564897008,0.0817599367627999,0.0463,0.0501,-0.0168,0.0001,0.0816599367627999,0.06450675648970079
2021-01-01,8.142609596252441,2073.639892578125,0.0574935613794576,0.0488079629625473,-0.0007000000000000001,0.07139999999999999,0.0322,0.0,0.0488079629625473,0.0574935613794576
2021-02-01,9.769536018371582,2201.050048828125,0.182158256627046,0.0596290761074647,0.0281,0.0202,0.07200000000000001,0.0,0.0596290761074647,0.182158256627046
2021-03-01,10.95783233642578,2220.52001953125,0.114785507951772,0.0088068700685118,0.0317,-0.0233,0.0735,0.0,0.0088068700685118,0.114785507951772
2021-04-01,11.070061683654783,2266.449951171875,0.0101898364151663,0.0204732976802641,0.0495,-0.0319,-0.0102,0.0,0.0204732976802641,0.0101898364151663
2021-05-01,11.51222038269043,2268.969970703125,0.0391647942870749,0.0011112619488339,0.003,-0.002,0.0704,0.0,0.0011112619488339,0.0391647942870749
2021-06-01,10.796724319458008,2310.550048828125,-0.0641663287675669,0.0181596414495439,0.0274,0.017,-0.0786,0.0,0.0181596414495439,-0.0641663287675669
2021-07-01,10.444375038146973,2226.25,-0.0331792247424954,-0.0371670569425747,0.0134,-0.0393,-0.0179,0.0,-0.0371670569425747,-0.0331792247424954
2021-08-01,10.565917015075684,2273.77001953125,0.0115698851249905,0.0211206998213659,0.0294,-0.0032,-0.0023,0.0,0.0211206998213659,0.0115698851249905
2021-09-01,10.784689903259276,2204.3701171875,0.020494082079523,-0.0309974484926618,-0.044000000000000004,0.0066,0.0512,0.0,-0.0309974484926618,0.020494082079523
2021-10-01,10.840971946716309,2297.18994140625,0.0052051281408069,0.0412448044158406,0.0663,-0.0226,-0.0053,0.0,0.0412448044158406,0.0052051281408069
2021-11-01,10.98813247680664,2198.909912109375,0.0134831696857259,-0.0437248682957106,-0.0158,-0.0131,-0.0037,0.0,-0.0437248682957106,0.0134831696857259
2021-12-01,11.241579055786133,2245.31005859375,0.0228034953296713,0.0208818793194226,0.0323,-0.0163,0.0325,0.0001,0.0207818793194226,0.0227034953296713
2022-01-01,11.473641395568848,2028.449951171875,0.0204330320482023,-0.1015716918562933,-0.0616,-0.0593,0.1286,0.0,-0.1015716918562933,0.0204330320482023
2022-02-01,11.514854431152344,2048.090087890625,0.0035855394843886,0.0096357639039541,-0.022799999999999997,0.0216,0.030600000000000002,0.0,0.0096357639039541,0.0035855394843886
2022-03-01,10.7318115234375,2070.1298828125,-0.0704255212218627,0.0107036561912689,0.0308,-0.0155,-0.019,0.0,0.0107036561912689,-0.0704255212218627
2022-04-01,9.955646514892578,1864.0999755859373,-0.0750724911558736,-0.1048330008328284,-0.0941,-0.013500000000000002,0.061799999999999994,0.0,-0.1048330008328284,-0.0750724911558736
2022-05-01,10.562294006347656,1864.0400390625,0.0591506109920238,-3.215357964410743e-05,-0.0034000000000000002,-0.0184,0.08439999999999999,0.0003,-0.0003321535796441074,0.0588506109920238
2022-06-01,8.650940895080566,1707.989990234375,-0.1996224011094214,-0.0874289613857588,-0.084,0.0207,-0.06,0.0006,-0.0880289613857588,-0.20022240110942138
2022-07-01,9.815271377563477,1885.22998046875,0.1262713875879134,0.098732584180926,0.09570000000000001,0.028399999999999998,-0.0415,0.0008,0.097932584180926,0.1254713875879134
2022-08-01,9.756497383117676,1844.1199951171875,-0.0060060152804861,-0.022047622720424,-0.0377,0.0141,0.0018,0.0019,-0.023947622720424,-0.0079060152804861
2022-09-01,9.068001747131348,1664.719970703125,-0.0731815360182655,-0.1023452727674846,-0.0934,-0.0076,0.0003,0.0019,-0.1042452727674846,-0.0750815360182655
2022-10-01,10.06116008758545,1846.8599853515625,0.1039305495652754,0.1038299682966892,0.0785,0.0001,0.0797,0.0023,0.1015299682966892,0.10163054956527541
2022-11-01,10.730772972106934,1886.5799560546875,0.0644331175744331,0.0212787509820787,0.04650000000000001,-0.035699999999999996,0.0148,0.0029,0.0183787509820787,0.0615331175744331
2022-12-01,9.586496353149414,1761.25,-0.1127601140939407,-0.0687418585717219,-0.0638,-0.0076,0.0134,0.0033,-0.07204185857172189,-0.1160601140939407
2023-01-01,10.165704727172852,1931.93994140625,0.0586642951083854,0.0925008648477374,0.0661,0.0501,-0.0394,0.0034999999999999996,0.0890008648477374,0.0551642951083854
2023-02-01,9.908991813659668,1896.989990234375,-0.0255771645449894,-0.0182562347687518,-0.025699999999999997,0.0105,-0.008,0.0034000000000000002,-0.0216562347687518,-0.0289771645449894
2023-03-01,7.906657695770264,1802.47998046875,-0.2257374580626722,-0.0511049307305104,0.0248,-0.0548,-0.09050000000000001,0.0036,-0.0547049307305104,-0.2293374580626722
2023-04-01,8.114660263061523,1768.989990234375,0.0259671839248754,-0.0187547268492592,0.0062,-0.0337,-0.0012,0.0034999999999999996,-0.0222547268492592,0.0224671839248754
2023-05-01,6.384455680847168,1749.6500244140625,-0.2398060986076124,-0.0109929748435296,0.0034000000000000002,0.016,-0.0779,0.0036,-0.014592974843529598,-0.2434060986076124
2023-06-01,6.704542636871338,1888.72998046875,0.0489190659792172,0.0764888533074676,0.0646,0.0149,-0.0013,0.004,0.0724888533074676,0.0449190659792172
2023-07-01,8.99122142791748,2003.1800537109373,0.2934634022708379,0.0588313094671717,0.0321,0.021400000000000002,0.04019999999999999,0.0045000000000000005,0.0543313094671717,0.2889634022708379
2023-08-01,8.04477596282959,1899.6800537109373,-0.1112257723737604,-0.0530504654520575,-0.0236,-0.0304,-0.0129,0.0045000000000000005,-0.0575504654520575,-0.1157257723737604
2023-09-01,7.501448154449463,1785.0999755859375,-0.0699268428920423,-0.0622110568142313,-0.052300000000000006,-0.024700000000000003,0.0147,0.0043,-0.0665110568142313,-0.0742268428920423
2023-10-01,6.901142120361328,1662.280029296875,-0.0834091665676862,-0.0712842508059689,-0.0315,-0.038599999999999995,0.0021,0.004699999999999999,-0.07598425080596889,-0.08810916656768619
2023-11-01,8.072031021118164,1809.02001953125,0.1567182035006618,0.084595101391765,0.0888,-0.0014000000000000002,0.0178,0.0044,0.080195101391765,0.1523182035006618
2023-12-01,9.633214950561523,2027.0699462890625,0.1768118914094989,0.1138061011899491,0.048499999999999995,0.06280000000000001,0.049400000000000006,0.0043,0.1095061011899491,0.1725118914094989
2024-01-01,8.630057334899902,1947.3399658203125,-0.1099658687592329,-0.0401270529458351,0.0073,-0.050499999999999996,-0.0236,0.004699999999999999,-0.0448270529458351,-0.11466586875923289
2024-02-01,7.347212791442871,2054.840087890625,-0.1609301194894039,0.0537337075840497,0.0507,-0.0022,-0.0347,0.0042,0.0495337075840497,-0.1651301194894039
2024-03-01,7.1408796310424805,2124.550048828125,-0.028485062868799,0.0333620094192451,0.028399999999999998,-0.0248,0.0414,0.0043,0.029062009419245104,-0.032785062868799
2024-04-01,6.376314163208008,1973.9100341796875,-0.113245753340081,-0.0735436736455233,-0.04650000000000001,-0.023700000000000002,-0.005,0.004699999999999999,-0.0782436736455233,-0.11794575334008099
2024-05-01,6.485466003417969,2070.1298828125,0.0169734607997056,0.0475949860464497,0.0433,0.005600000000000001,-0.013500000000000002,0.0044,0.043194986046449696,0.012573460799705598
2024-06-01,6.349025726318359,2047.68994140625,-0.0212623016409747,-0.0108990507108895,0.027999999999999997,-0.0302,-0.0331,0.0040999999999999995,-0.0149990507108895,-0.0253623016409747
2024-07-01,7.765174388885498,2254.47998046875,0.2013475424654835,0.0962070391117199,0.012199999999999999,0.0679,0.055999999999999994,0.0045000000000000005,0.0917070391117199,0.1968475424654835
2024-08-01,8.024014472961426,2217.6298828125,0.0327899396946395,-0.0164803338128581,0.016,-0.035,-0.011000000000000001,0.0048,-0.0212803338128581,0.027989939694639504
2024-09-01,8.375296592712402,2229.969970703125,0.0428476367722208,0.0055491141120559,0.0172,-0.0012,-0.0277,0.004,0.0015491141120559,0.038847636772220806
2024-10-01,8.873933792114258,2196.64990234375,0.0578317009054788,-0.0150546912217416,-0.01,-0.0096,0.0089,0.0039000000000000003,-0.0189546912217416,0.0539317009054788
2024-11-01,9.970291137695312,2434.72998046875,0.116491592876289,0.1029024313005606,0.0649,0.0454,0.0029,0.004,0.0989024313005606,0.112491592876289
2024-12-01,8.489741325378418,2230.159912109375,-0.1607512532152626,-0.087762567040654,-0.0317,-0.027000000000000003,-0.0298,0.0037,-0.09146256704065399,-0.1644512532152626
2025-01-01,9.737865447998049,2287.68994140625,0.1371634087481391,0.025469256847788,0.027999999999999997,-0.0195,0.0166,0.0037,0.021769256847788,0.13346340874813908
2025-02-01,9.32106876373291,2163.070068359375,-0.0437446441107404,-0.0560140087051453,-0.024399999999999998,-0.057800000000000004,0.048799999999999996,0.0033,-0.0593140087051453,-0.0470446441107404
2025-03-01,8.421170234680176,2011.9100341796875,-0.1015284950050408,-0.0724440038944142,-0.0639,-0.0274,0.0294,0.0034000000000000002,-0.0758440038944142,-0.1049284950050408
2025-04-01,8.252511024475098,1964.1199951171875,-0.0202312806986286,-0.024040231239256,-0.0084,-0.0054,-0.0336,0.0034999999999999996,-0.027540231239256,-0.0237312806986286
2025-05-01,8.425238609313965,2066.2900390625,0.0207142767781557,0.0507104422359693,0.060599999999999994,0.0067,-0.0296,0.0038,0.0469104422359693,0.0169142767781557
2025-06-01,8.569178581237793,2175.0400390625,0.0169400824346719,0.0512923255235203,0.048600000000000004,0.008,-0.0166,0.0034000000000000002,0.0478923255235203,0.013540082434671901
2025-07-01,9.00650691986084,2211.64990234375,0.0497754273473691,0.0166917260016818,0.019799999999999998,0.003,-0.0132,0.0034000000000000002,0.0132917260016818,0.0463754273473691
2025-08-01,10.16268253326416,2366.419921875,0.1207751289657209,0.0676394324439452,0.0184,0.038,0.0446,0.0038,0.0638394324439452,0.1169751289657209
2025-09-01,10.298702239990234,2436.47998046875,0.0132954550145276,0.0291761351745627,0.0339,-0.019,-0.009399999999999999,0.0033,0.0258761351745627,0.009995455014527602
2025-10-01,10.669801712036133,2479.3798828125,0.0353995902718139,0.0174541149010741,0.0196,-0.008199999999999999,-0.027999999999999997,0.0037,0.0137541149010741,0.0316995902718139
2025-11-01,11.1115140914917,2500.429931640625,0.040564394776675,0.0084542080879629,-0.0013,0.0054,0.035699999999999996,0.003,0.0054542080879629,0.037564394776674996
2025-12-01,11.464883804321287,2481.909912109375,0.0313069052129041,-0.0074343001121061,-0.0036,-0.0103,0.0236,0.0034000000000000002,-0.0108343001121061,0.0279069052129041
